{
  "Scale": 5.209868481924358e-7,
  "Width": 320,
  "Height": 320,
  "MinEdge": 320,
  "X0": 1.1565096590528012,
  "Y0": -0.27947783798276543,
  "Parall": 4,
  "Axes": true,
  "Max_iteration": 2048,
  "CentX": 149,
  "CentY": 192
}
